Age,LoginFrequency,TotalAmountSpent,NumTransactions,AvgTransactionAmount,TotalInteractions,UnresolvedInteractions,DaysSinceLastLogin,Gender_M,MaritalStatus_Married,MaritalStatus_Single,MaritalStatus_Widowed,IncomeLevel_Low,IncomeLevel_Medium,ServiceUsage_Online Banking,ServiceUsage_Website,MostFreqCategory_Clothing,MostFreqCategory_Electronics,MostFreqCategory_Furniture,MostFreqCategory_Groceries,ActualChurn,ChurnProbability
1.032709055,-1.488512608,-0.5164094255,-0.4050526801,-0.342688259,1.0,2.012274948,-0.1822216566,0,0,0,0,0,0,0,1,0,0,0,0,1,0.6514228872901364
-0.4113638626,-1.773231929,-0.6001485398,-0.0207522246,-1.055883909,-1.0,-1.124713769,-0.1440700405,1,0,1,0,1,0,0,0,0,0,1,0,0,0.6019035435901049
-0.1488051502,-0.7055344765,2.065414505,1.516449597,0.7515310668,-1.0,-1.124713769,-0.3825176414,1,0,1,0,1,0,0,1,1,0,0,0,0,0.5937481599727011
0.6388709868,-1.630872269,0.1009752327,-0.4050526801,1.081055972,0.0,-7.185602744888304e-12,-0.4683587778,1,0,0,1,0,0,0,0,0,1,0,0,1,0.5926356511672094
1.426547124,-1.488512608,0.3867650234,0.7478486864,-0.349747106,-1.0,-1.124713769,-1.450762894,1,1,0,0,1,0,0,1,0,1,0,0,1,0.5631084505676713
0.8357900211,0.9316016171,-0.4675707188,-0.4050526801,-0.230061834,-1.0,-1.124713769,-1.67967259,1,0,1,0,1,0,0,1,0,1,0,0,0,0.5446525391947629
1.360907446,-1.559692438,0.983132913,0.3635482309,1.031517992,-1.0,0.4437805894,-0.1726837526,1,0,1,0,0,0,0,0,0,1,0,0,0,0.5402442050140001
0.04811388404,-1.702052099,0.4081370819,0.3635482309,0.1475234555,-1.0,-1.124713769,-0.1059184243,0,0,0,1,1,0,0,0,0,1,0,0,0,0.539596563233015
0.3106725964,-1.630872269,1.479964949,1.516449597,0.1514870541,1.0,-1.124713769,-1.555679838,1,0,1,0,1,0,0,1,0,1,0,0,0,0.5279798616750443
-0.6082828968,0.1486234854,1.182464254,0.7478486864,0.6987977981,-1.0,-1.124713769,-0.6781926666,1,0,1,0,0,1,0,0,0,0,0,0,0,0.5272566804678427
0.9014296992,-1.702052099,-0.1367820862,-0.0207522246,-0.2010323257,-1.0,-1.124713769,-0.6972684746,0,0,0,0,0,1,0,1,0,0,1,0,0,0.5187388077648084
0.1793932402,-0.3496353257,2.157994463,1.516449597,1.016573965,0.0,-7.185602744888304e-12,0.4663558179,0,0,1,0,1,0,1,0,0,0,0,0,0,0.5170035218204119
1.623466158,-0.5631748162,0.6301113269,1.516449597,-0.7195522576,1.0,2.012274948,-0.3062144091,1,0,1,0,0,1,1,0,0,0,0,1,0,0.5138293511017321
-0.01752579405,0.07744365521,-0.3300461681,0.3635482309,-0.9873542688,-1.0,-1.124713769,0.008536424113,1,0,1,0,0,1,1,0,0,0,0,0,0,0.5137934801866268
0.9670693772,-1.559692438,-0.06215752625,0.7478486864,-0.9413217027,1.0,0.4437805894,-1.374459661,1,1,0,0,0,1,0,1,0,0,0,0,0,0.5124712461033581
0.7045106649,-1.417332778,0.4413703597,0.3635482309,0.1986160624,-1.0,0.4437805894,-0.3825176414,1,1,0,0,1,0,1,0,0,1,0,0,0,0.5080831453083685
-1.658517746,-1.630872269,0.599337749,0.3635482309,0.4414740131,-1.0,-1.124713769,-1.260004813,1,0,1,0,1,0,0,1,0,0,1,0,0,0.5019102944614722
1.426547124,-1.702052099,-1.100875101,-1.173653591,-0.2448097822,-1.0,-1.124713769,-1.403073373,1,1,0,0,0,1,0,0,0,0,0,0,0,0.48811202523663866
-1.067760643,1.572220089,-0.1602995496,0.3635482309,-0.7263870143,-1.0,0.4437805894,-0.7354200908,0,0,0,0,1,0,0,0,0,1,0,0,0,0.48539960473511173
1.426547124,-0.491994986,-0.6621329756,-0.7893531356,0.1404225916,-1.0,0.4437805894,0.4186662977,1,1,0,0,1,0,0,0,0,0,0,0,0,0.4755280221325519
1.55782648,-1.702052099,-0.6939997535,-1.173653591,1.63177209,1.0,-1.124713769,-1.660596782,0,1,0,0,0,0,0,0,0,0,0,0,1,0.4687369462513338
1.492186802,-1.488512608,-0.6909797887,-0.4050526801,-0.7452631275,1.0,0.4437805894,-0.4111313535,0,0,0,1,1,0,1,0,0,0,1,0,0,0.46796203021242533
0.3106725964,1.216320938,-0.02267934392,0.3635482309,-0.5148106803,-1.0,-1.124713769,-1.593831454,1,0,1,0,0,0,0,1,0,1,0,0,0,0.46039718544391556
0.2450329183,-0.5631748162,1.022064495,1.132149142,0.03447160891,1.0,-1.124713769,0.9432510198,1,0,0,1,0,1,0,0,0,0,0,1,1,0.4594880944317179
1.163988412,-0.5631748162,1.500134488,1.516449597,0.1721593918,-1.0,0.4437805894,-1.48891451,1,1,0,0,0,1,0,1,0,0,0,0,0,0.45849467582684517
-0.4770035407,-1.488512608,-0.2818360514,-0.4050526801,0.1982589184,0.0,-7.185602744888304e-12,0.008536424113,0,0,0,1,0,1,1,0,0,0,1,0,0,0.45407462689622086
-0.8708416092,0.1486234854,-0.6243629182,-0.7893531356,0.2565574316,-1.0,0.4437805894,-0.8117233231,1,1,0,0,1,0,0,1,1,0,0,0,0,0.43934020512756716
0.04811388404,1.429860428,0.9851006729,-0.0207522246,1.868697248,-1.0,0.4437805894,1.124471196,0,1,0,0,0,1,0,0,1,0,0,0,0,0.4359533615396021
0.1137535621,-1.630872269,0.6145195629,1.132149142,-0.4354459205,0.0,-7.185602744888304e-12,-0.8784886514,1,1,0,0,1,0,0,0,0,0,0,1,0,0.4324005353325906
-0.4113638626,-0.0649160051,1.297140927,0.7478486864,0.8499147474,1.0,0.4437805894,0.3995904896,1,0,1,0,1,0,0,0,1,0,0,0,0,0.43223813476439565
0.770150343,-1.630872269,0.820861049,1.516449597,-0.5240474057,1.0,0.4437805894,-1.460300798,0,1,0,0,0,1,0,1,0,1,0,0,0,0.4288552992560385
0.5732313087,-1.203793288,1.300133562,0.3635482309,1.518872555,1.0,2.012274948,0.7620308431,1,0,1,0,0,0,1,0,1,0,0,0,0,0.42060648620205265
-1.067760643,-1.417332778,1.302128651,1.516449597,-0.03078245968,0.0,-7.185602744888304e-12,-1.689210495,0,0,0,1,1,0,0,0,0,0,0,0,0,0.41710153865839067
1.295267768,-1.630872269,1.623406445,1.516449597,0.2985043499,0.0,-7.185602744888304e-12,-0.268062793,0,0,0,1,1,0,0,0,0,0,0,0,1,0.4165528510317349
-1.330319356,0.2909831457,1.071080847,1.132149142,0.09098965403,-1.0,-1.124713769,-0.5160482979,1,0,1,0,1,0,1,0,0,0,0,0,0,0.4112819578337614
1.492186802,0.5045226362,1.393137545,0.7478486864,0.9764157684,1.0,-1.124713769,1.305691373,1,1,0,0,0,1,0,1,0,0,0,0,0,0.41020765921105434
-0.4770035407,-0.919073967,-0.2530575633,-0.0207522246,-0.4155456442,-1.0,-1.124713769,-1.469838702,0,1,0,0,1,0,1,0,0,0,0,0,0,0.4101694678966895
-0.4113638626,1.501040258,1.633901164,1.516449597,0.3092606882,1.0,0.4437805894,1.076781676,1,0,0,1,1,0,1,0,0,0,0,1,0,0.4058624299941785
0.6388709868,-0.491994986,-0.5896948155,-0.4050526801,-0.511690922,1.0,0.4437805894,0.1802186968,1,0,1,0,1,0,0,0,0,0,0,1,0,0.40580644133481664
-0.08316547214,-1.559692438,0.2098442803,1.132149142,-0.9020546154,-1.0,0.4437805894,-0.5637378181,0,0,1,0,0,0,0,0,0,0,1,0,1,0.4056960141215686
1.492186802,-1.630872269,1.91645235,1.516449597,0.5988554889,1.0,0.4437805894,1.000478444,0,0,0,1,0,1,1,0,0,1,0,0,1,0.4044596601679175
-1.330319356,-1.346152948,-0.05716980158,1.132149142,-1.209933791,-1.0,0.4437805894,-1.374459661,1,1,0,0,0,0,1,0,0,0,0,0,0,0.40367626319257516
-0.1488051502,-1.061433627,-0.3876441392,-0.4050526801,-0.04574399404,0.0,-7.185602744888304e-12,-0.3443660253,1,0,0,1,0,1,1,0,0,0,0,1,1,0.40280444997802883
-1.461598712,0.8604217869,0.7936950308,0.3635482309,0.7402775279,-1.0,0.4437805894,-0.05822890415,1,1,0,0,1,0,0,0,1,0,0,0,0,0.4025387983804181
1.623466158,0.1486234854,-0.3227900536,-0.7893531356,1.183829423,-1.0,-1.124713769,-0.3443660253,1,1,0,0,1,0,0,1,0,1,0,0,0,0.3995782534855883
1.492186802,-0.9902537971,-1.020019301,-1.173653591,0.1281116262,0.0,-7.185602744888304e-12,1.649055919,1,1,0,0,0,1,0,1,0,1,0,0,0,0.3987948663391534
1.689105836,-1.203793288,-0.2188814006,-0.4050526801,0.3434379727,-1.0,-1.124713769,-1.565217742,1,0,0,0,1,0,0,1,1,0,0,0,0,0.3982957499185744
0.9670693772,-0.3496353257,0.688050923,0.3635482309,0.5778610213,1.0,-1.124713769,0.7715687471,0,0,0,0,0,1,0,1,0,1,0,0,0,0.39621531617674854
0.770150343,-0.5631748162,-0.5374125291,-1.173653591,2.353980374,-1.0,-1.124713769,0.8478719794,1,0,0,0,1,0,1,0,0,1,0,0,0,0.3960139497988543
1.55782648,-1.559692438,0.1125631519,-0.0207522246,0.2589776077,0.0,-7.185602744888304e-12,0.2755977372,0,1,0,0,1,0,0,0,0,1,0,0,0,0.39554100545023
0.5732313087,0.5757024663,0.4093532668,1.132149142,-0.6720118334,-1.0,-1.124713769,-1.546141934,1,1,0,0,0,1,1,0,0,0,1,0,0,0.39462006519010756
0.04811388404,0.7892419568,-1.100027871,-1.557954047,2.65442255,-1.0,-1.124713769,1.715821247,1,1,0,0,0,0,1,0,0,0,0,0,0,0.3945085887230764
-0.4770035407,-0.2072756654,-0.4551355696,-0.7893531356,0.7768952968,-1.0,-1.124713769,0.7334171309,1,1,0,0,0,0,1,0,0,0,0,0,1,0.3901125493279613
0.7045106649,-0.4208151559,0.2491174877,1.516449597,-1.110043753,-1.0,-1.124713769,-1.345845949,0,0,0,1,0,1,1,0,0,0,0,0,0,0.3897978035818678
-0.01752579405,1.572220089,1.184240704,0.7478486864,0.7011387423,-1.0,-1.124713769,0.7334171309,1,1,0,0,1,0,0,1,1,0,0,0,0,0.38782835474049576
-1.002120965,0.5045226362,-1.18960194,-1.557954047,1.828159298,0.0,-7.185602744888304e-12,0.2088324089,0,1,0,0,0,1,0,0,0,0,0,0,1,0.38774987889211987
1.360907446,-0.2784554956,-0.9781087492,-1.173653591,0.3214105885,-1.0,-1.124713769,1.515525262,0,1,0,0,0,0,0,0,1,0,0,0,0,0.38727246251684017
0.1137535621,0.2198033155,0.7721726573,1.132149142,-0.2536648537,-1.0,0.4437805894,-0.277600697,1,0,0,1,1,0,0,1,0,0,1,0,1,0.3869771795648381
-0.08316547214,0.1486234854,1.437535127,1.132149142,0.5135278242,0.0,-7.185602744888304e-12,-0.08684261626,1,0,1,0,1,0,0,0,1,0,0,0,0,0.3865747117060061
-1.19904,1.501040258,-0.6967054233,-0.0207522246,-1.234018955,-1.0,0.4437805894,-0.8307991312,1,0,1,0,0,0,1,0,0,0,0,0,0,0.38546873109648055
0.9670693772,0.2909831457,-0.553318588,-1.173653591,2.280618786,-1.0,-1.124713769,-0.2012974647,1,0,0,0,0,0,1,0,0,0,0,1,0,0.38439148172127346
0.1793932402,-1.417332778,0.4277873506,-0.0207522246,0.8405257605,0.0,-7.185602744888304e-12,-1.460300798,1,0,0,1,0,0,0,1,0,0,0,1,0,0.38370204202941843
-0.2144448283,-1.274973118,0.3076310137,-0.0207522246,0.6188527543,-1.0,0.4437805894,1.62998011,1,1,0,0,0,0,0,0,0,0,0,0,1,0.38358501795932687
0.8357900211,0.5045226362,-0.4441079154,-0.4050526801,-0.1759545112,1.0,-1.124713769,-1.08832254,1,0,0,1,0,0,0,1,0,0,1,0,1,0.38050583590786097
-1.330319356,0.8604217869,-0.9681332999,-1.173653591,0.3674191449,-1.0,0.4437805894,0.3232872573,0,1,0,0,1,0,1,0,0,0,1,0,0,0.37953293534771637
-0.739562253,1.643399919,-1.317260361,-1.557954047,0.6505923557,-1.0,0.4437805894,-0.5541999141,0,0,0,1,1,0,1,0,0,0,0,1,0,0.377407851191695
0.5075916306,0.07744365521,0.185998857,-0.0207522246,0.39445705,-1.0,-1.124713769,0.7715687471,1,0,1,0,0,0,1,0,0,0,0,0,0,0.37673245412589546
0.2450329183,-0.4208151559,0.2081088255,-0.4050526801,1.328115618,-1.0,-1.124713769,-1.155087868,1,1,0,0,0,0,0,0,0,0,0,0,0,0.37476622029845713
-0.01752579405,0.8604217869,-0.7961456216,-0.0207522246,-1.417473347,0.0,-7.185602744888304e-12,-1.698748399,1,0,0,0,1,0,0,0,0,0,0,0,1,0.37319764890611545
1.623466158,-1.274973118,-1.060645344,-1.557954047,3.017701069,1.0,-1.124713769,-1.67967259,0,1,0,0,1,0,0,0,0,1,0,0,0,0.3724594130097732
1.55782648,1.572220089,-0.9735719695,-0.7893531356,-0.8171856356,-1.0,0.4437805894,-1.155087868,1,1,0,0,0,0,0,0,0,0,0,0,0,0.37147528999596824
0.7045106649,0.2198033155,-0.9500681711,-0.4050526801,-1.342744106,-1.0,0.4437805894,-0.7544958989,0,0,0,0,1,0,0,0,0,0,0,0,0,0.37045021616841983
1.295267768,-1.274973118,-0.1285420918,1.132149142,-1.292229232,0.0,-7.185602744888304e-12,-0.6114273383,1,0,0,1,1,0,0,0,1,0,0,0,0,0.36839426738169806
0.1793932402,-0.6343546464,-0.8376735537,-0.7893531356,-0.3993271029,-1.0,-1.124713769,-1.698748399,0,0,0,1,0,0,1,0,0,1,0,0,1,0.36810103243267095
0.2450329183,1.073961277,0.6080560184,0.3635482309,0.454877419,1.0,-1.124713769,0.8478719794,1,1,0,0,1,0,1,0,0,0,0,0,0,0.3659875937178594
-0.4770035407,-0.0649160051,0.09865218287,0.3635482309,-0.3282764464,0.0,-7.185602744888304e-12,-1.469838702,0,0,1,0,0,0,0,1,0,0,1,0,0,0.3654714389087011
-1.067760643,-1.488512608,-0.4242116767,0.3635482309,-1.132123658,1.0,-1.124713769,0.3805146816,1,0,0,0,0,1,0,0,0,0,0,0,0,0.36478255114008545
1.22962809,1.643399919,-0.1762056085,-0.7893531356,1.634545208,-1.0,-1.124713769,0.7238792269,0,0,1,0,0,0,1,0,0,0,0,1,1,0.36195723212360087
0.04811388404,0.433342806,-0.1028108985,0.3635482309,-0.6380043673,-1.0,-1.124713769,-0.9547918837,0,1,0,0,0,0,0,1,0,1,0,0,0,0.36084682711188015
0.5075916306,1.572220089,1.134773408,1.516449597,-0.2023096408,-1.0,-1.124713769,0.3805146816,1,0,0,1,0,0,1,0,0,0,1,0,0,0.3605495353807378
-1.461598712,0.7892419568,1.769129995,1.516449597,0.4478605889,-1.0,0.4437805894,-1.622445166,0,0,1,0,0,1,0,1,1,0,0,0,0,0.3588549953825481
-0.8052019311,0.8604217869,2.157994463,1.516449597,1.103156886,1.0,0.4437805894,-0.9547918837,1,0,0,0,1,0,0,0,0,0,0,0,0,0.35814484612413133
-0.4113638626,1.643399919,-1.067081558,-1.557954047,2.958331124,1.0,0.4437805894,0.2755977372,0,0,0,1,0,0,0,0,1,0,0,0,1,0.3578086180405743
-1.19904,-1.630872269,0.7217214807,1.132149142,-0.3118373161,-1.0,-1.124713769,1.105395388,0,0,0,1,1,0,0,1,0,0,0,0,0,0.354337344157467
-0.2144448283,-0.2072756654,0.4267761407,1.132149142,-0.6519224809,0.0,-7.185602744888304e-12,0.1611428887,1,0,0,1,1,0,1,0,0,1,0,0,1,0.3532939315490097
0.4419519526,-0.2784554956,-0.685910074,-0.7893531356,0.0673131047,-1.0,0.4437805894,-0.7258821868,1,0,0,1,0,0,0,0,0,0,0,1,1,0.35278538880185445
-1.52723839,0.006263825054,-0.9949440281,-1.173653591,0.2437632714,-1.0,0.4437805894,1.019554252,1,0,1,0,0,1,0,0,0,0,0,0,0,0.35177672118958625
1.689105836,-0.2784554956,-0.272625842,-0.7893531356,1.338073634,1.0,0.4437805894,1.658593823,1,0,0,0,0,0,0,0,0,0,0,0,0,0.35054774723182414
0.1793932402,-0.2072756654,0.5653665613,0.3635482309,0.3892469486,-1.0,-1.124713769,-0.9071023635,0,0,0,0,1,0,1,0,0,0,0,1,0,0.3504084837482819
0.9014296992,0.006263825054,1.100460595,0.7478486864,0.5907362142,0.0,-7.185602744888304e-12,0.3232872573,0,0,1,0,1,0,1,0,0,0,0,0,1,0.34879058038530913
-1.330319356,-1.630872269,-0.1412915359,0.3635482309,-0.697164228,-1.0,0.4437805894,0.8097203632,0,0,0,0,1,0,0,0,1,0,0,0,0,0.3477644376159821
-0.5426432187,1.643399919,-0.568637052,-0.0207522246,-0.9977492614,0.0,-7.185602744888304e-12,0.7620308431,0,1,0,0,0,1,0,0,0,1,0,0,0,0.34566395422391133
-0.08316547214,-0.7767143067,0.4032723422,1.132149142,-0.6790234113,0.0,-7.185602744888304e-12,-1.593831454,0,1,0,0,0,0,1,0,0,0,0,0,0,0.34563264303624514
1.492186802,-1.274973118,-1.110372275,-0.7893531356,-1.237817287,0.0,-7.185602744888304e-12,-1.240929005,1,0,1,0,0,1,0,0,0,0,0,0,0,0.345236644681285
-1.19904,-1.559692438,0.495101136,0.3635482309,0.2812213792,1.0,2.012274948,-1.050170924,1,0,0,0,1,0,0,0,0,1,0,0,1,0.3448089557904978
-0.01752579405,0.5045226362,2.053525956,1.516449597,0.7393461523,0.0,-7.185602744888304e-12,1.687207535,1,0,1,0,0,0,0,1,0,0,1,0,0,0.3396583429241771
-0.6082828968,0.5045226362,-1.060317384,-1.557954047,3.02072629,-1.0,-1.124713769,1.048167964,1,0,0,1,1,0,1,0,0,0,0,0,0,0.3386278241784648
0.5075916306,0.006263825054,-0.6898319288,-0.4050526801,-0.7426160598,-1.0,0.4437805894,0.04668804026,1,0,0,0,0,1,0,1,0,1,0,0,0,0.33705821615423104
0.5075916306,-0.2784554956,0.2168817549,-0.0207522246,0.4514320294,-1.0,0.4437805894,1.277077661,0,1,0,0,1,0,1,0,0,0,0,0,0,0.3345766444063421
0.5075916306,1.643399919,1.777779939,1.516449597,0.4567261646,-1.0,0.4437805894,-1.107398348,0,0,0,0,1,0,1,0,1,0,0,0,0,0.3337280146102011
-1.264679678,-0.5631748162,-0.4508720899,-0.4050526801,-0.1915533025,0.0,-7.185602744888304e-12,-1.298156429,0,0,1,0,0,1,0,1,1,0,0,0,0,0.3334257428603234
-1.067760643,0.8604217869,-1.279449309,-1.557954047,0.9993750284,-1.0,-1.124713769,-0.04869100011,1,1,0,0,1,0,1,0,0,1,0,0,0,0.333304610813747
1.426547124,0.006263825054,-0.6021299647,-1.173653591,2.055491987,1.0,0.4437805894,1.381994605,0,0,0,0,0,0,1,0,0,1,0,0,0,0.33133854754824243
-0.739562253,0.2909831457,1.439297912,1.132149142,0.5155603939,-1.0,-1.124713769,0.1325291766,0,1,0,0,0,0,0,1,0,0,1,0,0,0.3286091921777169
-0.3457241845,1.216320938,1.924446374,0.7478486864,1.676556152,-1.0,0.4437805894,0.1802186968,1,0,0,0,0,1,0,0,0,0,1,0,0,0.32791061541819033
-0.8052019311,-0.2072756654,-0.4452147803,-0.7893531356,0.8073995999,1.0,-1.124713769,1.076781676,1,0,0,1,0,1,0,0,0,0,0,1,1,0.3278704873936635
-1.002120965,1.501040258,2.016001868,1.516449597,0.7008866406,-1.0,0.4437805894,0.246984025,0,0,0,1,0,1,0,0,1,0,0,0,0,0.3278225012765242
1.426547124,-1.773231929,-1.130705794,-0.7893531356,-1.300338503,-1.0,0.4437805894,-0.5732757222,1,0,1,0,0,1,1,0,1,0,0,0,0,0.3273857706020925
-1.133400322,0.006263825054,0.7790324868,0.7478486864,0.1671693792,0.0,-7.185602744888304e-12,-1.555679838,1,1,0,0,1,0,0,0,0,0,0,0,0,0.3259785281371174
1.689105836,1.643399919,0.06401141021,0.7478486864,-0.7750606455,1.0,-1.124713769,-1.212315293,0,0,0,1,0,0,1,0,0,1,0,0,0,0.32559160375707635
0.4419519526,0.006263825054,0.2768984308,0.7478486864,-0.4945254988,0.0,-7.185602744888304e-12,0.4758937219,1,1,0,0,0,0,1,0,0,0,0,0,0,0.3238017464983792
1.098348733,-0.7055344765,-1.364185968,-1.557954047,0.2177337731,1.0,0.4437805894,1.03863006,1,0,0,0,0,1,1,0,0,1,0,0,1,0.32137402237936075
1.295267768,0.5757024663,-0.1167491976,-0.7893531356,1.817360942,-1.0,0.4437805894,-1.412611277,1,0,1,0,0,1,0,1,0,0,0,0,0,0.32088559892067786
0.9014296992,-0.4208151559,-0.6723817249,-0.7893531356,0.1089098817,1.0,-1.124713769,1.410608318,1,0,0,1,1,0,1,0,0,0,1,0,0,0.3204003641390996
-0.6739225749,0.6468822965,-1.054988034,-1.557954047,3.069886117,1.0,0.4437805894,1.639518014,0,0,1,0,0,0,1,0,0,0,0,1,0,0.3198929778185204
0.5075916306,-1.132613457,-0.4062695329,-0.4050526801,-0.08869581757,1.0,2.012274948,-1.422149181,1,1,0,0,1,0,1,0,1,0,0,0,0,0.3182530828592337
-0.9364812873,-0.2784554956,-0.7981953714,-1.173653591,1.151203264,1.0,0.4437805894,-0.1536079445,0,0,1,0,0,1,1,0,1,0,0,0,1,0.31694098393553244
-1.264679678,1.216320938,1.77094744,1.132149142,0.8979671281,-1.0,0.4437805894,-1.08832254,0,1,0,0,0,1,0,0,0,0,0,1,1,0.3169005333171732
0.4419519526,-0.491994986,0.3419438264,-0.4050526801,1.636751098,1.0,2.012274948,-0.08684261626,0,0,1,0,1,0,1,0,0,0,0,1,0,0.3159796034949078
1.295267768,-0.3496353257,-0.1910457975,-0.4050526801,0.4076293627,1.0,2.012274948,0.6380380906,0,1,0,0,1,0,1,0,0,0,1,0,0,0.3159051802559701
-1.264679678,-0.5631748162,-0.3815222196,0.3635482309,-1.066493188,0.0,-7.185602744888304e-12,-1.593831454,1,1,0,0,1,0,0,1,0,0,0,0,0,0.31543656813308113
1.623466158,-1.203793288,0.6320244268,0.7478486864,-0.02655275373,-1.0,0.4437805894,-0.9834055958,1,1,0,0,0,1,0,1,1,0,0,0,0,0.3137129221708088
1.55782648,-0.5631748162,-1.491639414,-1.557954047,-0.9579424063,0.0,-7.185602744888304e-12,0.1706807927,0,1,0,0,0,0,1,0,1,0,0,0,0,0.3135828229925921
1.55782648,-0.4208151559,0.4290308655,0.7478486864,-0.2940506423,-1.0,-1.124713769,-0.9547918837,0,0,0,1,1,0,0,1,0,0,0,1,0,0.3106099780916165
1.623466158,-0.491994986,-1.097335866,-0.7893531356,-1.19773312,-1.0,0.4437805894,-1.345845949,0,0,1,0,0,1,1,0,0,0,0,0,0,0.31057932729050913
-1.658517746,-1.417332778,-1.18872738,-1.557954047,1.836226551,0.0,-7.185602744888304e-12,-1.326770141,1,0,1,0,0,1,0,1,0,0,1,0,0,0.3100895419192453
1.032709055,1.002781447,-0.656502996,-0.4050526801,-0.6657565605,0.0,-7.185602744888304e-12,1.343842989,1,0,0,1,0,1,1,0,1,0,0,0,0,0.3094695322897268
-0.8708416092,-0.8478941368,-0.7806221826,-0.0207522246,-1.388834596,1.0,-1.124713769,0.6571138986,1,1,0,0,1,0,0,0,0,1,0,0,1,0.3088528150472404
1.623466158,-0.919073967,-1.25870584,-1.173653591,-0.9727533799,-1.0,-1.124713769,-1.641520974,0,0,0,1,1,0,0,1,0,0,0,0,0,0.3087626798270696
-1.461598712,-0.7055344765,-0.4435066554,-0.0207522246,-0.766899754,-1.0,0.4437805894,-0.4778966818,1,1,0,0,0,0,1,0,0,0,0,1,1,0.3079193927166446
0.4419519526,-1.417332778,-0.9925253233,-1.173653591,0.2549187707,0.0,-7.185602744888304e-12,1.53460107,0,1,0,0,1,0,0,1,1,0,0,0,0,0.30554789175137137
0.9670693772,-1.702052099,1.205517108,0.7478486864,0.7291760504,0.0,-7.185602744888304e-12,1.572752686,0,0,0,0,1,0,1,0,0,1,0,0,1,0.30541635117740445
1.098348733,-1.417332778,-1.145819283,-0.7893531356,-1.346809246,1.0,0.4437805894,0.237446121,0,1,0,0,0,1,0,0,0,0,0,0,0,0.30439718705198265
-0.4770035407,-0.4208151559,0.4407144397,-0.0207522246,0.8643745794,-1.0,-1.124713769,-0.2489869849,1,0,0,0,0,1,0,1,0,1,0,0,1,0.3042822451640393
-1.461598712,0.9316016171,1.230346411,1.516449597,-0.104354133,-1.0,0.4437805894,0.1706807927,0,0,0,1,0,0,0,0,0,0,1,0,0,0.3042021056742148
-0.5426432187,-0.0649160051,0.7337466799,1.516449597,-0.6133334169,1.0,2.012274948,-0.1631458486,0,0,1,0,0,1,0,0,0,0,0,1,0,0.3040972446298958
-1.067760643,0.2198033155,0.9785688033,1.132149142,-0.01568086883,-1.0,-1.124713769,-0.6114273383,0,0,0,1,0,1,1,0,0,0,0,0,0,0.3006387188979048
-1.330319356,-0.7767143067,-0.6748960848,-0.7893531356,0.1011787636,1.0,2.012274948,-1.670134686,1,0,0,0,0,0,0,0,0,1,0,0,0,0.3004048031337835
-0.8708416092,-1.630872269,-0.6178037186,-0.4050526801,-0.5765125662,1.0,0.4437805894,1.114933292,0,1,0,0,0,1,0,1,0,0,0,0,0,0.2996671601938156
-1.330319356,-0.1360958353,-0.7862658272,-1.173653591,1.206224456,-1.0,-1.124713769,0.4568179139,1,0,0,0,0,0,0,0,1,0,0,0,1,0.29847904735949
0.1793932402,-0.7055344765,-0.125344482,0.3635482309,-0.6726473397,0.0,-7.185602744888304e-12,0.246984025,0,0,1,0,0,0,0,0,0,0,1,0,0,0.2982660319943195
-1.19904,-1.417332778,1.093368461,1.516449597,-0.2447467568,1.0,0.4437805894,-0.1726837526,0,0,1,0,0,0,1,0,0,0,0,1,0,0.2979867107222551
-0.5426432187,-1.773231929,-0.7648117787,-1.173653591,1.305174365,-1.0,-1.124713769,-1.403073373,1,1,0,0,0,1,1,0,0,0,0,0,0,0.2961783501376197
0.9014296992,0.7180621266,0.702125872,0.3635482309,0.5994997488,-1.0,0.4437805894,-1.164625772,0,0,1,0,0,0,1,0,0,0,1,0,0,0.2961107493686557
-1.002120965,-0.7055344765,0.6361649215,1.516449597,-0.7133477552,1.0,0.4437805894,1.753972863,1,0,1,0,0,0,1,0,0,0,0,0,0,0.29578311759554554
0.1137535621,0.8604217869,0.3107602985,-0.0207522246,0.6246258828,0.0,-7.185602744888304e-12,1.725359151,0,0,0,0,1,0,1,0,1,0,0,0,0,0.2947741657517235
1.623466158,1.572220089,-1.170716911,-1.173653591,-0.5669327024,-1.0,0.4437805894,0.9814026359,0,0,1,0,0,1,0,0,1,0,0,0,0,0.294489948876183
0.5732313087,-0.3496353257,1.494477178,0.7478486864,1.109957629,1.0,0.4437805894,-0.277600697,0,0,1,0,1,0,0,0,0,0,0,1,0,0.2943655914564015
-0.01752579405,-0.1360958353,-1.038672025,-1.173653591,0.04208192834,1.0,0.4437805894,-0.6018894343,1,0,0,0,0,0,0,0,1,0,0,0,0,0.2942479662744313
-0.3457241845,0.5045226362,0.9516077601,0.7478486864,0.3945831008,-1.0,-1.124713769,-0.8975644594,0,0,0,1,0,1,1,0,0,0,1,0,0,0.2938206845011104
1.492186802,-1.203793288,0.6671161444,-0.0207522246,1.282056641,1.0,0.4437805894,1.181698621,0,0,0,0,0,1,0,1,0,0,0,0,0,0.2924800489251382
-0.1488051502,-0.491994986,-0.3324785379,-0.4050526801,0.08147281566,1.0,2.012274948,0.8860235955,0,0,0,1,0,0,1,0,1,0,0,0,1,0.2920266194338301
1.689105836,0.8604217869,-1.231444167,-1.173653591,-0.8470176676,-1.0,0.4437805894,0.01807432815,0,1,0,0,0,0,0,0,1,0,0,0,1,0.291915588760965
-0.9364812873,1.073961277,-0.9427710616,-0.7893531356,-0.7224794382,1.0,0.4437805894,0.1420670806,1,0,1,0,0,0,0,0,0,0,0,0,0,0.29160489664979666
0.2450329183,1.501040258,-1.383221312,-1.557954047,0.04214495376,0.0,-7.185602744888304e-12,-0.03915309607,1,1,0,0,1,0,0,1,0,0,0,0,0,0.29076781507075
-1.330319356,-1.702052099,0.4328297352,0.3635482309,0.1854857667,0.0,-7.185602744888304e-12,1.153084909,1,1,0,0,0,1,1,0,0,0,1,0,0,0.2904320850423053
1.492186802,0.433342806,-0.4616811042,-0.4050526801,-0.216479856,1.0,-1.124713769,-0.9643297877,0,0,0,0,0,0,0,1,0,0,0,1,0,0.2878438507953117
1.295267768,-0.9902537971,-0.2231175503,0.3635482309,-0.8229629657,0.0,-7.185602744888304e-12,-1.336308045,1,0,0,0,0,0,1,0,1,0,0,0,0,0.2877405969990133
0.2450329183,0.433342806,-0.7767959829,-0.7893531356,-0.2121416063,-1.0,0.4437805894,0.1611428887,0,0,0,1,1,0,0,1,0,0,0,0,0,0.2845323150643969
-0.1488051502,-0.3496353257,-1.167027361,-1.173653591,-0.5499158391,1.0,0.4437805894,0.3805146816,0,1,0,0,0,0,0,0,0,0,0,0,0,0.282248673679719
-0.4113638626,-1.559692438,0.09157371334,-0.0207522246,0.2202547899,0.0,-7.185602744888304e-12,1.563214782,0,0,1,0,0,1,0,1,0,0,0,1,0,0.28209140130776184
-1.330319356,1.358680598,-0.7093865424,-0.7893531356,-0.004872009352,0.0,-7.185602744888304e-12,-0.6305031464,1,1,0,0,0,1,0,1,1,0,0,0,0,0.2809523404896129
1.295267768,-0.4208151559,0.8362615029,0.7478486864,0.2425837957,0.0,-7.185602744888304e-12,-0.9929434998,0,0,1,0,0,1,1,0,0,0,0,0,0,0.279937242404862
0.6388709868,0.3621629758,0.04780472131,1.132149142,-1.088893472,0.0,-7.185602744888304e-12,-1.012019308,1,0,1,0,0,0,1,0,0,0,0,0,0,0.2784499813653901
-1.658517746,0.9316016171,-0.168853839,-0.4050526801,0.4588060035,0.0,-7.185602744888304e-12,-0.9261781715,0,0,0,0,0,1,0,0,1,0,0,0,1,0.2780306868285265
-1.19904,1.073961277,-0.2781191716,0.3635482309,-0.9075220705,-1.0,0.4437805894,-1.383997565,1,0,0,1,0,0,1,0,0,0,0,0,0,0.277588319490432
-0.5426432187,1.501040258,-0.03358401318,0.3635482309,-0.5315754419,1.0,0.4437805894,0.1325291766,0,1,0,0,0,0,1,0,0,0,0,0,0,0.27727114775910094
-0.08316547214,-0.8478941368,-0.8911856901,-0.7893531356,-0.5638654653,0.0,-7.185602744888304e-12,-1.670134686,0,0,0,0,1,0,0,0,0,0,1,0,1,0.2768111289297684
0.4419519526,0.07744365521,0.1218416863,0.3635482309,-0.2926250673,-1.0,-1.124713769,0.485431626,0,0,0,1,0,1,1,0,0,0,0,0,0,0.27587605468159077
-1.52723839,0.2909831457,-0.7498076097,-1.173653591,1.374376276,0.0,-7.185602744888304e-12,0.7143413229,0,0,0,0,0,1,0,0,1,0,0,0,0,0.2753792559442594
-0.6739225749,-0.919073967,0.5928195444,1.132149142,-0.4604670121,0.0,-7.185602744888304e-12,-0.7258821868,1,0,0,1,1,0,0,1,0,0,0,0,0,0.2750664138716941
-1.395959034,0.6468822965,-1.098005451,-0.7893531356,-1.19979195,0.0,-7.185602744888304e-12,-0.9929434998,1,0,0,0,0,0,0,0,0,0,1,0,0,0.2750012472747562
1.426547124,-0.2072756654,-0.2172006058,-0.7893531356,1.508494369,0.0,-7.185602744888304e-12,-1.069246732,1,0,1,0,0,0,0,0,0,1,0,0,0,0.27429658986970806
-1.067760643,-0.9902537971,1.016311531,1.516449597,-0.3237246105,-1.0,0.4437805894,-1.202777389,0,0,0,0,0,0,1,0,1,0,0,0,1,0.27408472361118924
1.163988412,1.287500768,-1.475173091,-1.557954047,-0.8060511448,0.0,-7.185602744888304e-12,-1.698748399,1,0,0,1,1,0,0,1,1,0,0,0,0,0.2719820211109109
0.1137535621,-0.8478941368,-0.8254433796,-0.7893531356,-0.3617219358,1.0,-1.124713769,-0.6972684746,0,0,0,1,0,1,1,0,0,1,0,0,0,0.27158733625870496
-1.395959034,1.216320938,-0.3771494199,0.7478486864,-1.356407117,0.0,-7.185602744888304e-12,0.8001824592,1,0,0,0,1,0,0,0,0,0,0,1,0,0.27158011249836306
-1.592878068,-0.2072756654,-0.2881219509,-0.4050526801,0.1837630719,1.0,2.012274948,0.7238792269,1,0,0,0,1,0,0,0,1,0,0,0,0,0.2713455473814115
-0.8708416092,1.501040258,0.1216640413,-0.4050526801,1.128766215,0.0,-7.185602744888304e-12,1.296153469,0,1,0,0,1,0,1,0,0,0,0,0,1,0.27031319537016596
0.1137535621,0.5045226362,0.5508953272,-0.0207522246,1.067644163,-1.0,0.4437805894,-1.250466909,1,0,0,0,1,0,1,0,0,1,0,0,1,0.26933842498542243
0.9670693772,-1.061433627,1.128227873,1.516449597,-0.2090183466,0.0,-7.185602744888304e-12,-0.4492829697,1,0,0,1,0,0,0,0,0,1,0,0,0,0.26766452589196654
0.4419519526,-1.559692438,0.02801780265,0.3635482309,-0.4368692446,1.0,-1.124713769,-1.04063302,0,0,0,1,0,1,1,0,1,0,0,0,0,0.26666158727101086
0.1793932402,1.002781447,-1.186663965,-1.173653591,-0.6404833672,0.0,-7.185602744888304e-12,-0.1059184243,1,1,0,0,0,0,0,1,1,0,0,0,0,0.2653212826018534
-0.9364812873,1.145141108,0.643311716,-0.0207522246,1.238140528,-1.0,0.4437805894,1.53460107,1,1,0,0,1,0,1,0,0,0,0,1,0,0.2652702976230673
-1.133400322,0.7892419568,-0.1434779357,-0.0207522246,-0.2133853079,1.0,-1.124713769,-1.403073373,0,0,0,1,0,0,0,0,0,0,0,0,0,0.26523781919678446
0.3106725964,1.002781447,-1.154045612,-1.173653591,-0.4900416903,0.0,-7.185602744888304e-12,-1.183701581,1,0,0,1,1,0,0,0,0,0,0,0,0,0.2650083711763093
1.295267768,0.8604217869,-0.5457618435,-0.4050526801,-0.4103775598,-1.0,0.4437805894,-1.326770141,0,0,1,0,0,1,1,0,0,0,0,0,0,0.26485753064105455
-0.5426432187,-1.346152948,-0.7942051917,-1.173653591,1.169606687,0.0,-7.185602744888304e-12,1.677669631,0,1,0,0,0,0,0,0,0,0,0,0,1,0.26472302872147485
-0.2800845064,-1.417332778,-0.8402835686,-1.173653591,0.9570849718,-1.0,0.4437805894,1.620442206,0,0,1,0,0,1,1,0,0,0,0,0,0,0.26439665268323365
0.8357900211,0.7892419568,-0.4277235815,-0.0207522246,-0.7377820101,-1.0,0.4437805894,-1.345845949,0,1,0,0,0,0,0,1,0,0,0,0,1,0.2638108097103868
-0.6739225749,0.7892419568,-0.2962252954,0.7478486864,-1.249768107,-1.0,-1.124713769,0.2088324089,0,1,0,0,0,1,0,1,0,1,0,0,0,0.2636805992096578
1.032709055,1.287500768,1.119714579,1.132149142,0.1470665212,-1.0,-1.124713769,1.305691373,1,0,0,1,1,0,0,0,1,0,0,0,0,0.2634320390675696
1.689105836,-0.5631748162,0.8454443823,1.132149142,-0.1691792786,1.0,-1.124713769,0.8478719794,1,0,0,0,1,0,0,1,1,0,0,0,0,0.2616473168884708
1.492186802,0.7180621266,0.7339106599,0.7478486864,0.1077093975,-1.0,0.4437805894,1.134009101,0,1,0,0,0,1,0,0,0,0,0,0,1,0.2608190241551961
-1.461598712,1.002781447,-0.2677337723,-0.0207522246,-0.4426213645,0.0,-7.185602744888304e-12,-0.4492829697,0,0,0,1,1,0,0,0,1,0,0,0,0,0.25864041991269565
0.7045106649,0.6468822965,0.5066207302,0.3635482309,0.2989315221,-1.0,-1.124713769,0.5617348583,0,1,0,0,0,0,0,0,0,0,0,0,0,0.2573163196837678
-1.658517746,1.287500768,0.7783902318,0.7478486864,0.1663230379,-1.0,0.4437805894,0.8097203632,0,1,0,0,0,0,1,0,0,0,0,0,0,0.25705229560357384
-1.067760643,0.9316016171,-1.25725735,-1.557954047,1.204081592,-1.0,0.4437805894,1.029092156,1,0,0,1,1,0,0,1,1,0,0,0,0,0.2549835726125876
0.5732313087,-0.2072756654,-1.41251907,-1.557954047,-0.228108046,0.0,-7.185602744888304e-12,0.6571138986,1,0,1,0,1,0,1,0,0,0,0,0,0,0.25366248165395516
0.04811388404,0.9316016171,1.428625548,1.132149142,0.5032546807,0.0,-7.185602744888304e-12,1.03863006,1,0,0,0,0,0,1,0,0,0,0,0,0,0.2522493952694348
-1.133400322,-0.2784554956,1.293000432,1.132149142,0.3468728581,-1.0,0.4437805894,-0.8307991312,1,0,0,1,0,1,0,0,1,0,0,0,0,0.2519855311715705
1.163988412,1.287500768,-1.675693287,-1.557954047,-2.655721163,0.0,-7.185602744888304e-12,-0.4302071616,0,0,1,0,0,1,0,0,0,0,0,0,1,0.2513010341113724
-1.133400322,1.643399919,-1.469133161,-1.557954047,-0.7503366737,1.0,0.4437805894,0.9146373077,0,0,0,0,1,0,0,1,0,0,0,0,0,0.2508930974969876
-0.6082828968,0.006263825054,0.3136299483,-0.0207522246,0.629920018,1.0,0.4437805894,-0.5541999141,0,0,1,0,0,1,0,1,0,0,0,0,0,0.25025571161899984
0.5732313087,1.145141108,-0.5849393959,-0.4050526801,-0.500724499,1.0,0.4437805894,-1.298156429,0,0,1,0,0,0,1,0,0,0,0,0,0,0.24783545385456876
0.3763122745,-0.1360958353,-1.130774119,-1.173653591,-0.3827094005,0.0,-7.185602744888304e-12,0.3137493533,0,0,0,1,1,0,1,0,1,0,0,0,0,0.24771320385191553
-0.5426432187,0.9316016171,0.3150237782,0.7478486864,-0.4442852356,1.0,0.4437805894,-1.193239485,0,1,0,0,1,0,1,0,0,1,0,0,0,0.24726444175682816
0.9014296992,0.9316016171,0.2805196556,0.3635482309,-0.04867467605,-1.0,-1.124713769,1.067243772,1,0,0,1,0,0,1,0,0,0,0,0,0,0.24657210262433615
-0.4113638626,1.216320938,1.637700034,1.516449597,0.3131542585,1.0,2.012274948,1.39153251,0,1,0,0,0,1,0,1,1,0,0,0,0,0.24587961243677944
0.6388709868,-0.5631748162,-1.124132929,-1.173653591,-0.3520790466,0.0,-7.185602744888304e-12,0.1611428887,0,0,0,1,0,0,0,0,0,0,0,0,0,0.24439255137015056
0.5075916306,1.429860428,-0.06464455608,-0.4050526801,0.6991219289,0.0,-7.185602744888304e-12,-1.250466909,0,0,1,0,1,0,0,1,0,0,0,0,0,0.24271044537812833
-0.2800845064,-1.773231929,-1.643088599,-1.557954047,-2.35496386,1.0,2.012274948,-1.307694333,0,0,1,0,1,0,1,0,0,1,0,0,0,0.242020117606286
1.623466158,1.073961277,0.04284432664,1.132149142,-1.094613029,-1.0,-1.124713769,1.000478444,1,1,0,0,0,1,1,0,1,0,0,0,0,0.2379302529813487
-1.19904,-1.488512608,1.264426919,1.132149142,0.3139263199,0.0,-7.185602744888304e-12,-0.3348281212,1,0,0,1,0,1,0,0,0,0,1,0,0,0.23720011403724547
0.770150343,0.2198033155,0.3635345249,0.7478486864,-0.3803594528,1.0,2.012274948,-0.1917595607,1,0,0,0,1,0,0,1,1,0,0,0,1,0.2371526960636776
1.623466158,0.2198033155,0.1817080472,0.7478486864,-0.6199640912,0.0,-7.185602744888304e-12,1.658593823,1,1,0,0,0,0,1,0,0,0,1,0,1,0.23469884756611445
-0.8708416092,1.358680598,0.3847016085,-0.0207522246,0.7610381012,0.0,-7.185602744888304e-12,-1.403073373,1,0,0,0,0,1,1,0,0,0,1,0,0,0.23462926378526436
1.22962809,-0.9902537971,-1.40973141,-1.173653591,-1.669310319,1.0,0.4437805894,-1.412611277,1,0,1,0,1,0,0,1,0,0,0,1,0,0.2340906013397299
-0.8052019311,0.433342806,-1.447925082,-1.173653591,-1.845466367,-1.0,-1.124713769,-0.3825176414,0,1,0,0,1,0,1,0,0,0,0,1,0,0.2325810972733694
0.7045106649,0.5757024663,-0.002605460279,0.3635482309,-0.4839492331,-1.0,0.4437805894,1.000478444,0,0,0,0,0,1,0,0,1,0,0,0,0,0.2313100268795697
-1.461598712,1.216320938,-0.8453669482,-1.173653591,0.9336395156,1.0,0.4437805894,1.401070414,0,0,0,1,0,1,0,1,0,1,0,0,1,0.2305631137017063
-1.461598712,-1.274973118,0.2429135781,0.3635482309,-0.1064899944,-1.0,-1.124713769,-1.002481404,0,0,0,0,1,0,1,0,1,0,0,0,0,0.2279730814459403
0.3106725964,-0.7055344765,1.574909363,1.132149142,0.6719264603,0.0,-7.185602744888304e-12,1.229388141,1,0,0,1,1,0,0,1,1,0,0,0,0,0.22782611926220236
1.163988412,1.287500768,-0.3940803538,-0.4050526801,-0.06058648038,0.0,-7.185602744888304e-12,-0.5160482979,1,0,0,1,0,0,1,0,0,1,0,0,0,0.22777510646827268
-0.8052019311,0.7180621266,1.571151488,1.132149142,0.6675934627,1.0,0.4437805894,-0.3348281212,1,0,0,1,0,0,0,0,0,0,0,0,0,0.22687870492033613
-1.264679678,1.429860428,-1.679628807,-1.557954047,-2.692023804,-1.0,0.4437805894,1.763510767,1,1,0,0,0,1,1,0,0,0,0,1,0,0.2268292589088553
-0.01752579405,0.2909831457,-1.266043945,-0.4050526801,-2.071412496,0.0,-7.185602744888304e-12,-1.565217742,0,0,0,1,0,1,0,1,1,0,0,0,0,0.22597775062822495
1.295267768,0.5757024663,0.2681938264,-0.0207522246,0.5460962098,1.0,2.012274948,0.5331211462,0,0,1,0,0,0,0,0,0,0,1,0,0,0.22580199741606294
-0.6082828968,-1.274973118,0.5980805691,0.3635482309,0.4395412335,1.0,-1.124713769,1.39153251,0,0,1,0,1,0,1,0,0,0,0,1,0,0.22519279377598778
-0.6739225749,-0.0649160051,1.478680439,1.132149142,0.5609702089,1.0,0.4437805894,-0.04869100011,1,0,0,0,1,0,1,0,1,0,0,0,0,0.22501603384275148
-1.52723839,0.433342806,-0.1878345227,-0.4050526801,0.4150348495,1.0,0.4437805894,-0.5160482979,1,1,0,0,1,0,0,1,0,1,0,0,1,0.22446241353631138
0.7045106649,1.501040258,1.201431273,1.516449597,-0.1339900859,0.0,-7.185602744888304e-12,-1.641520974,1,0,0,0,0,1,1,0,0,0,0,0,0,0.22444092998669818
0.9670693772,-1.061433627,-0.4088248878,-0.7893531356,0.9192907284,0.0,-7.185602744888304e-12,0.3137493533,0,0,1,0,0,0,1,0,1,0,0,0,0,0.2232226949673098
-1.592878068,-0.0649160051,-0.2514177634,0.3635482309,-0.8664715138,1.0,0.4437805894,0.6857276108,0,0,0,0,0,0,1,0,1,0,0,0,1,0.22220422967525288
-1.264679678,0.8604217869,-0.5339689493,-0.7893531356,0.5344995326,0.0,-7.185602744888304e-12,-1.202777389,1,0,0,0,1,0,0,1,0,1,0,0,0,0.2220718165669222
-0.01752579405,1.145141108,-1.477427815,-1.557954047,-0.8268495333,-1.0,0.4437805894,1.62998011,0,0,0,1,0,1,0,0,0,0,0,1,0,0.22099543260725552
1.55782648,0.1486234854,-1.248880706,-1.557954047,1.281350756,-1.0,-1.124713769,0.2946735452,1,0,0,1,0,0,1,0,0,1,0,0,0,0.2209820805147836
1.032709055,-1.346152948,0.3803971338,0.3635482309,0.1048762548,0.0,-7.185602744888304e-12,1.525063166,0,1,0,0,0,0,1,0,1,0,0,0,1,0.22086790556987693
1.689105836,-1.559692438,0.3225668577,0.7478486864,-0.4343452266,0.0,-7.185602744888304e-12,1.668131727,0,0,0,1,0,0,1,0,0,0,0,1,0,0.22020751253317972
-1.067760643,-1.061433627,0.9726518587,1.132149142,-0.02250337052,-1.0,-1.124713769,1.610904302,0,1,0,0,0,1,0,1,0,0,1,0,0,0.22011784552913385
-1.330319356,0.9316016171,1.196880829,1.132149142,0.2360426575,1.0,0.4437805894,-1.689210495,0,0,1,0,0,0,1,0,0,0,0,1,0,0.21857882840891896
0.2450329183,0.9316016171,1.188545179,1.132149142,0.226431281,1.0,2.012274948,1.572752686,1,0,0,1,1,0,0,1,0,1,0,0,0,0.21823958528046752
1.426547124,1.216320938,0.7383927796,1.516449597,-0.6085714963,1.0,0.4437805894,1.458297838,0,0,0,1,1,0,0,0,0,0,0,0,0,0.21779298777329303
1.295267768,-0.4208151559,-1.433822803,-1.557954047,-0.4246213047,1.0,0.4437805894,0.7048034188,0,0,0,0,0,1,1,0,0,1,0,0,0,0.2173932591298033
-0.1488051502,0.7180621266,0.8411535726,1.516449597,-0.5032490172,0.0,-7.185602744888304e-12,0.1992945049,0,0,1,0,0,0,0,1,0,1,0,0,0,0.21620488317883604
-1.330319356,-0.5631748162,0.8609131613,1.516449597,-0.482996849,1.0,0.4437805894,0.2565219291,0,0,0,0,1,0,0,0,0,0,0,0,0,0.21614727530898756
1.55782648,1.358680598,-0.9309781674,-1.173653591,0.5387852611,0.0,-7.185602744888304e-12,0.9337131157,0,0,0,0,0,0,1,0,0,0,0,0,1,0.21530149029688872
-0.8708416092,-1.346152948,-1.209880799,-1.557954047,1.641099852,-1.0,-1.124713769,-0.03915309607,0,1,0,0,0,0,0,0,0,0,1,0,1,0.2148594891903839
0.1793932402,-0.3496353257,-1.461822386,-1.173653591,-1.909563219,0.0,-7.185602744888304e-12,0.6380380906,1,1,0,0,0,1,0,1,0,0,0,0,0,0.2145803455511518
-0.4113638626,0.6468822965,-0.7878782971,-0.7893531356,-0.2462173499,-1.0,0.4437805894,-1.240929005,0,0,0,1,1,0,0,0,0,0,0,1,0,0.2132683888701871
-0.2800845064,1.501040258,2.090216478,1.516449597,0.7769513194,-1.0,0.4437805894,1.696745439,1,0,0,0,0,0,1,0,1,0,0,0,0,0.2108879763981994
0.9670693772,1.145141108,-0.3249491235,-0.0207522246,-0.5481763375,0.0,-7.185602744888304e-12,-0.535124106,1,0,1,0,0,0,0,0,0,0,0,1,0,0.21001104083321984
0.5732313087,1.287500768,-1.114936385,-1.173653591,-0.3096629391,0.0,-7.185602744888304e-12,-1.641520974,0,0,0,1,0,0,1,0,1,0,0,0,0,0.2094712185605035
-0.6082828968,1.073961277,1.545119665,1.516449597,0.2182659877,0.0,-7.185602744888304e-12,1.610904302,0,0,0,1,0,0,1,0,0,0,0,0,0,0.20787783275417165
-0.1488051502,-0.0649160051,1.652649543,1.132149142,0.7615643635,1.0,0.4437805894,-0.6400410504,0,0,0,1,1,0,0,1,0,0,0,0,0,0.20389289553592532
0.1793932402,1.073961277,-1.095860046,-0.4050526801,-1.678953208,-1.0,0.4437805894,-1.469838702,0,0,0,0,0,1,0,1,0,0,0,1,0,0.20350210057326346
-0.6739225749,0.8604217869,-0.03906367781,-0.0207522246,-0.02075441512,0.0,-7.185602744888304e-12,0.8955614996,0,0,0,1,0,1,0,1,1,0,0,0,1,0.20345828472587713
1.295267768,-0.7055344765,-1.671088182,-1.557954047,-2.61324203,0.0,-7.185602744888304e-12,-1.345845949,1,0,0,1,0,1,1,0,0,0,0,0,0,0.20226182643121504
-1.592878068,1.002781447,0.7093273265,0.7478486864,0.07531433179,1.0,2.012274948,0.485431626,1,0,0,1,1,0,0,1,0,0,0,0,0,0.20046774738476944
1.55782648,1.145141108,0.7205599558,0.7478486864,0.09011630179,0.0,-7.185602744888304e-12,-1.04063302,1,0,0,1,0,1,0,0,0,0,0,1,0,0.20037674688791415
1.098348733,-1.203793288,0.2783332557,0.3635482309,-0.05203603177,1.0,0.4437805894,-0.5732757222,0,0,0,0,0,1,1,0,1,0,0,0,1,0.1999822969775812
0.5075916306,0.07744365521,-1.177891036,-1.173653591,-0.6000210477,0.0,-7.185602744888304e-12,0.4186662977,0,0,0,1,0,0,1,0,0,0,1,0,1,0.19973434468297882
-0.1488051502,-1.702052099,-1.709965105,-1.557954047,-2.971856668,1.0,-1.124713769,-1.670134686,1,0,1,0,1,0,0,1,0,0,0,1,0,0.19584244530214648
-1.133400322,-1.274973118,-1.293223628,-1.557954047,0.8723157822,0.0,-7.185602744888304e-12,1.448759934,0,0,0,1,0,0,1,0,0,0,1,0,0,0.19462554059173853
-0.1488051502,-1.274973118,-1.19299086,-0.7893531356,-1.491851745,0.0,-7.185602744888304e-12,0.8383340754,0,0,0,1,1,0,1,0,1,0,0,0,1,0.1945040668974364
-1.133400322,-1.702052099,-1.449920172,-1.173653591,-1.854668078,0.0,-7.185602744888304e-12,-1.593831454,1,1,0,0,0,1,0,0,0,0,1,0,1,0.19219286620638626
-1.19904,1.145141108,1.186331449,0.7478486864,0.7038938535,-1.0,-1.124713769,1.401070414,1,1,0,0,1,0,1,0,0,0,0,1,0,0.1892629761986058
-1.658517746,-0.4208151559,0.01409316859,0.3635482309,-0.4582768788,1.0,2.012274948,0.6571138986,1,1,0,0,0,1,0,0,0,0,0,0,0,0.18924542645376782
-0.4770035407,-0.7767143067,-0.01918110416,0.7478486864,-0.8846888613,0.0,-7.185602744888304e-12,-1.193239485,1,0,0,1,0,0,1,0,1,0,0,0,1,0.18199895732860422
-0.9364812873,-0.2072756654,-1.678795242,-1.557954047,-2.684334703,1.0,0.4437805894,-1.069246732,0,1,0,0,0,1,0,1,0,0,0,1,0,0.1816343776563912
0.3106725964,1.429860428,1.176861605,0.7478486864,0.6914148204,0.0,-7.185602744888304e-12,-1.345845949,0,0,0,0,0,0,0,1,1,0,0,0,0,0.1795923486877781
-1.067760643,0.1486234854,-0.5444363386,-0.7893531356,0.5023145516,0.0,-7.185602744888304e-12,-1.08832254,1,0,0,1,0,1,1,0,0,0,0,0,1,0.17895523168158214
-0.8708416092,0.8604217869,-0.7666838835,-0.4050526801,-0.9198435401,1.0,2.012274948,-0.7258821868,1,1,0,0,0,0,0,0,0,0,1,0,0,0.17704017130962818
1.689105836,1.073961277,0.5792638653,0.7478486864,-0.09607879531,1.0,-1.124713769,-1.565217742,0,0,0,0,0,1,1,0,1,0,0,0,0,0.17190083600802444
0.9014296992,0.9316016171,-0.3376985676,-0.0207522246,-0.5716974241,1.0,2.012274948,1.143547005,0,0,0,0,0,0,1,0,0,0,1,0,0,0.1716613908833705
-0.5426432187,-0.4208151559,-1.338919385,-1.173653591,-1.342712594,0.0,-7.185602744888304e-12,1.429684126,0,0,1,0,0,0,0,0,0,1,0,0,1,0.17098803096183168
-1.002120965,1.145141108,-1.133548114,-1.173653591,-0.3955035607,0.0,-7.185602744888304e-12,-1.555679838,1,0,0,1,0,1,1,0,1,0,0,0,0,0.17079429429524473
-0.1488051502,1.216320938,-1.608762122,-1.557954047,-2.038324151,1.0,0.4437805894,-1.698748399,0,1,0,0,1,0,0,1,0,1,0,0,0,0.16924432829628105
1.689105836,0.1486234854,0.8933811991,1.132149142,-0.1139059855,0.0,-7.185602744888304e-12,0.1039154645,1,0,0,1,0,0,1,0,1,0,0,0,1,0.16646104811942786
-0.6739225749,-1.203793288,-1.421237339,-1.173653591,-1.722377722,1.0,-1.124713769,-0.3157523132,1,0,1,0,0,1,0,1,1,0,0,0,0,0.16598705562618832
-1.067760643,0.3621629758,0.2754089459,0.7478486864,-0.4964882904,0.0,-7.185602744888304e-12,-0.6305031464,0,0,0,0,0,0,0,1,0,0,1,0,0,0.16576482419635552
0.4419519526,0.07744365521,-0.2807975114,-0.7893531356,1.3129475,0.0,-7.185602744888304e-12,1.229388141,0,0,0,1,1,0,0,0,0,0,0,1,0,0.16484561819899543
0.1137535621,0.433342806,1.015109011,1.516449597,-0.3249571076,1.0,0.4437805894,-1.107398348,1,0,0,1,0,0,1,0,0,1,0,0,0,0.16152934540726027
-1.395959034,0.2909831457,-0.01678972932,0.3635482309,-0.5057560283,0.0,-7.185602744888304e-12,-0.3634418333,0,1,0,0,0,0,0,0,0,0,0,1,0,0.15770527411217977
-0.739562253,-0.491994986,-1.410237015,-1.557954047,-0.2070575558,0.0,-7.185602744888304e-12,0.5617348583,0,0,0,0,0,0,0,0,1,0,0,0,0,0.15568575416610805
-1.52723839,0.006263825054,0.6684416493,0.7478486864,0.02143660156,0.0,-7.185602744888304e-12,0.742955035,0,0,0,0,0,0,0,0,0,0,0,0,0,0.1496144399395255
-0.6082828968,-0.7767143067,0.421364801,0.3635482309,0.1678596576,1.0,2.012274948,-0.783109611,0,0,0,0,0,0,0,1,1,0,0,0,0,0.14568129179591172
1.098348733,0.5757024663,0.9377514511,0.7478486864,0.3763237363,1.0,2.012274948,0.6094243785,1,0,0,1,0,0,0,1,0,1,0,0,0,0.1454971920600965
0.5075916306,-0.9902537971,-1.268394325,-1.557954047,1.101350157,1.0,-1.124713769,1.153084909,0,0,0,1,0,1,0,0,0,1,0,0,0,0.14232443339818374
-1.395959034,-0.8478941368,0.5729233058,0.7478486864,-0.1044341652,0.0,-7.185602744888304e-12,0.2660598331,1,1,0,0,1,0,0,0,0,0,0,0,1,0.14129228955644485
-1.067760643,1.145141108,0.598353869,0.3635482309,0.439961403,1.0,2.012274948,-1.069246732,0,0,0,1,0,0,1,0,0,1,0,0,0,0.13917689872244027
-0.01752579405,-1.630872269,-1.651574564,-1.557954047,-2.433241431,-1.0,0.4437805894,1.39153251,0,0,0,1,0,1,0,1,1,0,0,0,1,0.13638617991653507
0.4419519526,-0.8478941368,-1.33587209,-1.557954047,0.4789111124,1.0,-1.124713769,-0.5065103939,1,0,0,1,0,0,0,0,1,0,0,0,0,0.13634770495962262
0.770150343,1.358680598,1.563635739,1.132149142,0.6589274674,1.0,0.4437805894,-1.345845949,1,0,0,0,0,1,0,1,0,0,0,0,0,0.13354090781697547
1.360907446,1.073961277,-1.708844575,-1.557954047,-2.961520499,0.0,-7.185602744888304e-12,-1.44122499,0,0,0,1,0,1,0,0,0,0,0,1,0,0.13083779758588773
0.4419519526,-1.061433627,-1.616223211,-1.557954047,-2.107147909,0.0,-7.185602744888304e-12,-1.660596782,0,0,0,1,0,0,0,1,1,0,0,0,0,0.1297568758431333
1.032709055,-1.132613457,-1.662397243,-1.557954047,-2.533073696,1.0,0.4437805894,-0.05822890415,0,0,0,1,0,1,0,0,0,0,1,0,0,0.1235524318765168
-1.002120965,-0.919073967,-1.394973211,-1.173653591,-1.601242865,-1.0,-1.124713769,1.019554252,0,0,0,1,0,1,0,1,0,0,0,0,0,0.11561589780733589
-1.19904,0.9316016171,-1.662848188,-1.557954047,-2.537233374,1.0,2.012274948,-1.107398348,1,1,0,0,1,0,0,1,1,0,0,0,0,0.11431108954456475
0.7045106649,1.429860428,-1.714392564,-1.557954047,-3.01269714,1.0,0.4437805894,-1.155087868,1,0,0,1,0,1,0,0,0,0,0,1,0,0.1032148531936047
